{"cameraMode":{"drawMode":0,"name":"Shaded","section":"Shading Mode"},"sceneLighting":false,"audioPlay":false,"sceneViewState":{"showFog":true,"showMaterialUpdate":true,"showSkybox":true,"showFlares":true,"showImageEffects":true,"showParticleSystems":true},"in2DMode":false,"pivot":{"x":320.7409973144531,"y":161.13436889648438,"z":-10.675000190734864},"rotation":{"x":0.021896203979849817,"y":-0.0015001436695456505,"z":0.000029137505407561548,"w":0.9997591376304627},"size":612.3709716796875,"orthographic":true}