{"cameraMode":{"drawMode":0,"name":"Shaded","section":"Shading Mode"},"sceneLighting":false,"audioPlay":false,"sceneViewState":{"showFog":true,"showMaterialUpdate":true,"showSkybox":true,"showFlares":true,"showImageEffects":true,"showParticleSystems":true},"in2DMode":false,"pivot":{"x":-0.76165771484375,"y":0.3949103355407715,"z":0.5653796195983887},"rotation":{"x":-0.08870761841535568,"y":0.8841804265975952,"z":-0.18735644221305848,"w":-0.4186329245567322},"size":10.386645317077637,"orthographic":false}