{"cameraMode":{"drawMode":0,"name":"Shaded","section":"Shading Mode"},"sceneLighting":false,"audioPlay":false,"sceneViewState":{"showFog":true,"showMaterialUpdate":true,"showSkybox":true,"showFlares":true,"showImageEffects":true,"showParticleSystems":true},"in2DMode":false,"pivot":{"x":5.698060512542725,"y":1.040704369544983,"z":20.007455825805665},"rotation":{"x":0.23170849680900575,"y":0.7321437001228333,"z":-0.29966840147972109,"w":0.5661056041717529},"size":0.986470103263855,"orthographic":true}