{"cameraMode":{"drawMode":0,"name":"Shaded","section":"Shading Mode"},"sceneLighting":false,"audioPlay":false,"sceneViewState":{"showFog":true,"showMaterialUpdate":true,"showSkybox":true,"showFlares":true,"showImageEffects":true,"showParticleSystems":true},"in2DMode":false,"pivot":{"x":8.91650390625,"y":4.78662109375,"z":-2.0068359375},"rotation":{"x":0.26039737462997439,"y":-0.3209620416164398,"z":0.09225860238075257,"w":0.9059056043624878},"size":6.783294677734375,"orthographic":true}