{"cameraMode":{"drawMode":0,"name":"Shaded","section":"Shading Mode"},"sceneLighting":false,"audioPlay":false,"sceneViewState":{"showFog":true,"showMaterialUpdate":true,"showSkybox":true,"showFlares":true,"showImageEffects":true,"showParticleSystems":true},"in2DMode":false,"pivot":{"x":7.265036582946777,"y":0.6267030239105225,"z":1.886265754699707},"rotation":{"x":0.09890516847372055,"y":-0.8279318809509277,"z":0.1545107215642929,"w":0.5299745798110962},"size":0.44921720027923586,"orthographic":true}