{"cameraMode":{"drawMode":0,"name":"Shaded","section":"Shading Mode"},"sceneLighting":false,"audioPlay":false,"sceneViewState":{"showFog":true,"showMaterialUpdate":true,"showSkybox":true,"showFlares":true,"showImageEffects":true,"showParticleSystems":true},"in2DMode":false,"pivot":{"x":19.256080627441408,"y":4.981324672698975,"z":-0.4473484754562378},"rotation":{"x":0.2652839124202728,"y":-0.3426057696342468,"z":0.10149230808019638,"w":0.8955138921737671},"size":1.6915851831436158,"orthographic":false}