{"cameraMode":{"drawMode":0,"name":"Shaded","section":"Shading Mode"},"sceneLighting":false,"audioPlay":false,"sceneViewState":{"showFog":true,"showMaterialUpdate":true,"showSkybox":true,"showFlares":true,"showImageEffects":true,"showParticleSystems":true},"in2DMode":false,"pivot":{"x":626.1875610351563,"y":170.0674285888672,"z":-125.42852783203125},"rotation":{"x":0.17989972233772279,"y":0.011802791617810727,"z":-0.002162039512768388,"w":0.9836117625236511},"size":497.4334716796875,"orthographic":true}