{"cameraMode":{"drawMode":0,"name":"Shaded","section":"Shading Mode"},"sceneLighting":false,"audioPlay":false,"sceneViewState":{"showFog":true,"showMaterialUpdate":true,"showSkybox":true,"showFlares":true,"showImageEffects":true,"showParticleSystems":true},"in2DMode":false,"pivot":{"x":16.059650421142579,"y":3.226393938064575,"z":9.428186416625977},"rotation":{"x":-0.11685582995414734,"y":0.6802526116371155,"z":-0.11117514222860336,"w":-0.7150113582611084},"size":12.939475059509278,"orthographic":true}
