{"cameraMode":{"drawMode":0,"name":"Shaded","section":"Shading Mode"},"sceneLighting":false,"audioPlay":false,"sceneViewState":{"showFog":true,"showMaterialUpdate":true,"showSkybox":true,"showFlares":true,"showImageEffects":true,"showParticleSystems":true},"in2DMode":false,"pivot":{"x":0.9289603233337402,"y":0.7249546051025391,"z":-1.4793334007263184},"rotation":{"x":-0.09750999510288239,"y":0.8975051045417786,"z":-0.25014153122901919,"w":-0.34986522793769839},"size":10.386645317077637,"orthographic":false}