{"cameraMode":{"drawMode":0,"name":"Shaded","section":"Shading Mode"},"sceneLighting":false,"audioPlay":false,"sceneViewState":{"showFog":true,"showMaterialUpdate":true,"showSkybox":true,"showFlares":true,"showImageEffects":true,"showParticleSystems":true},"in2DMode":false,"pivot":{"x":7.658498764038086,"y":4.579481601715088,"z":-3.2841334342956545},"rotation":{"x":0.26039737462997439,"y":-0.3209620416164398,"z":0.09225860238075257,"w":0.9059056043624878},"size":6.232283115386963,"orthographic":true}