{"cameraMode":{"drawMode":0,"name":"Shaded","section":"Shading Mode"},"sceneLighting":false,"audioPlay":false,"sceneViewState":{"showFog":true,"showMaterialUpdate":true,"showSkybox":true,"showFlares":true,"showImageEffects":true,"showParticleSystems":true},"in2DMode":false,"pivot":{"x":11.240449905395508,"y":-7.615296840667725,"z":-11.805941581726075},"rotation":{"x":0.05454767122864723,"y":0.9451194405555725,"z":-0.24032260477542878,"w":0.21452021598815919},"size":23.057064056396486,"orthographic":false}